id;category_id;name;description;price;stock;created_at
1;1;Смартфон;Флагманский смартфон с великолепной камерой;79990.00;15;2026-06-10 16:17:59.338785
2;1;Ноутбук MacroBook Air;Легкий и мощный рабочий ноутбук;124990.00;8;2026-06-10 16:17:59.338785
3;1;Беспроводные наушники ;Наушники с активным шумоподавлением;12500.00;45;2026-06-10 16:17:59.338785
4;2;Изучаем Python, Марк Лутц;Лучшее руководство по языку Python;4500.00;20;2026-06-10 16:17:59.338785
5;2;Чистый код, Роберт Мартин;Создание, анализ и рефакторинг кода;1800.00;30;2026-06-10 16:17:59.338785
6;3;Футболка Хлопок;Базовая белая футболка, 100% хлопок;1200.00;100;2026-06-10 16:17:59.338785
7;3;Худи  Черный;Теплая толстовка свободного кроя;3500.00;40;2026-06-10 16:17:59.338785
8;4;Электрический чайник;Чайник с возможностью управления со смартфона;4200.00;12;2026-06-10 16:17:59.338785
9;4;Набор керамических ножей;Острые долговечные ножи для кухни (5 шт.);2500.00;25;2026-06-10 16:17:59.338785
